<?xml version="1.0" encoding="UTF-8"?>
<questestinterop xmlns="http://www.imsglobal.org/xsd/ims_qtiasiv1p2" xmlns:xsi="http://www.w3.org/2001/XMLSchema-instance" xsi:schemaLocation="http://www.imsglobal.org/xsd/ims_qtiasiv1p2 http://www.imsglobal.org/xsd/ims_qtiasiv1p2p1.xsd">
  <assessment ident="ga0eaa173a2ee1c649c94e31ab9534baa" title="DIFUSE Stats Module Quiz">
    <qtimetadata>
      <qtimetadatafield>
        <fieldlabel>cc_maxattempts</fieldlabel>
        <fieldentry>1</fieldentry>
      </qtimetadatafield>
    </qtimetadata>
    <section ident="root_section">
      <item ident="gb2f390d0b59785779856cd5f5c033285" title="Question">
        <itemmetadata>
          <qtimetadata>
            <qtimetadatafield>
              <fieldlabel>question_type</fieldlabel>
              <fieldentry>file_upload_question</fieldentry>
            </qtimetadatafield>
            <qtimetadatafield>
              <fieldlabel>points_possible</fieldlabel>
              <fieldentry>5.0</fieldentry>
            </qtimetadatafield>
            <qtimetadatafield>
              <fieldlabel>original_answer_ids</fieldlabel>
              <fieldentry></fieldentry>
            </qtimetadatafield>
            <qtimetadatafield>
              <fieldlabel>assessment_question_identifierref</fieldlabel>
              <fieldentry>gf47b767d37e06559ff801f2d253307ba</fieldentry>
            </qtimetadatafield>
          </qtimetadata>
        </itemmetadata>
        <presentation>
          <material>
            <mattext texttype="text/html">&lt;div&gt;Please upload a PDF of your .mlx script with the output included.&amp;nbsp;&lt;/div&gt;</mattext>
          </material>
        </presentation>
        <resprocessing>
          <outcomes>
            <decvar maxvalue="100" minvalue="0" varname="SCORE" vartype="Decimal"/>
          </outcomes>
        </resprocessing>
      </item>
      <item ident="g3f79be4043a5c5b444a9e20013e370d5" title="Question">
        <itemmetadata>
          <qtimetadata>
            <qtimetadatafield>
              <fieldlabel>question_type</fieldlabel>
              <fieldentry>multiple_answers_question</fieldentry>
            </qtimetadatafield>
            <qtimetadatafield>
              <fieldlabel>points_possible</fieldlabel>
              <fieldentry>3.0</fieldentry>
            </qtimetadatafield>
            <qtimetadatafield>
              <fieldlabel>original_answer_ids</fieldlabel>
              <fieldentry>2511,5825,6614,8440,9907</fieldentry>
            </qtimetadatafield>
            <qtimetadatafield>
              <fieldlabel>assessment_question_identifierref</fieldlabel>
              <fieldentry>gf47b767d37e06559ff801f2d253307ba</fieldentry>
            </qtimetadatafield>
          </qtimetadata>
        </itemmetadata>
        <presentation>
          <material>
            <mattext texttype="text/html">&lt;div&gt;(Module Question 3) Based on your histograms, box plots, and QQ plots, which of the delay variables are normally distributed? Check all that apply.&lt;/div&gt;</mattext>
          </material>
          <response_lid ident="response1" rcardinality="Multiple">
            <render_choice>
              <response_label ident="2511">
                <material>
                  <mattext texttype="text/plain">Carrier Delay Percent</mattext>
                </material>
              </response_label>
              <response_label ident="5825">
                <material>
                  <mattext texttype="text/plain">Weather Delay Percent</mattext>
                </material>
              </response_label>
              <response_label ident="6614">
                <material>
                  <mattext texttype="text/plain">NAS Delay Percent</mattext>
                </material>
              </response_label>
              <response_label ident="8440">
                <material>
                  <mattext texttype="text/plain">Security Delay Percent</mattext>
                </material>
              </response_label>
              <response_label ident="9907">
                <material>
                  <mattext texttype="text/plain">Late Aircraft Delay Percent</mattext>
                </material>
              </response_label>
            </render_choice>
          </response_lid>
        </presentation>
        <resprocessing>
          <outcomes>
            <decvar maxvalue="100" minvalue="0" varname="SCORE" vartype="Decimal"/>
          </outcomes>
          <respcondition continue="Yes">
            <conditionvar>
              <varequal respident="response1">8440</varequal>
            </conditionvar>
            <displayfeedback feedbacktype="Response" linkrefid="8440_fb"/>
          </respcondition>
          <respcondition continue="Yes">
            <conditionvar>
              <varequal respident="response1">9907</varequal>
            </conditionvar>
            <displayfeedback feedbacktype="Response" linkrefid="9907_fb"/>
          </respcondition>
          <respcondition continue="No">
            <conditionvar>
              <and>
                <varequal respident="response1">2511</varequal>
                <varequal respident="response1">5825</varequal>
                <varequal respident="response1">6614</varequal>
                <not>
                  <varequal respident="response1">8440</varequal>
                </not>
                <not>
                  <varequal respident="response1">9907</varequal>
                </not>
              </and>
            </conditionvar>
            <setvar action="Set" varname="SCORE">100</setvar>
          </respcondition>
        </resprocessing>
        <itemfeedback ident="8440_fb">
          <flow_mat>
            <material>
              <mattext texttype="text/plain">The histogram and QQ plot show heavy deviation on the left end of the distribution, suggesting non-normality.</mattext>
            </material>
          </flow_mat>
        </itemfeedback>
        <itemfeedback ident="9907_fb">
          <flow_mat>
            <material>
              <mattext texttype="text/plain">The histogram and QQ plot show some slight left skew which suggests non-normality.</mattext>
            </material>
          </flow_mat>
        </itemfeedback>
      </item>
      <item ident="g6efd6f4c3dffddfccbbd402b0cb032c1" title="Question">
        <itemmetadata>
          <qtimetadata>
            <qtimetadatafield>
              <fieldlabel>question_type</fieldlabel>
              <fieldentry>multiple_choice_question</fieldentry>
            </qtimetadatafield>
            <qtimetadatafield>
              <fieldlabel>points_possible</fieldlabel>
              <fieldentry>1.0</fieldentry>
            </qtimetadatafield>
            <qtimetadatafield>
              <fieldlabel>original_answer_ids</fieldlabel>
              <fieldentry>9615,5693,1747</fieldentry>
            </qtimetadatafield>
            <qtimetadatafield>
              <fieldlabel>assessment_question_identifierref</fieldlabel>
              <fieldentry>gf47b767d37e06559ff801f2d253307ba</fieldentry>
            </qtimetadatafield>
          </qtimetadata>
        </itemmetadata>
        <presentation>
          <material>
            <mattext texttype="text/html">&lt;div&gt;(Module Question 4) How would you best describe the trends in average passengers per flight over time?&amp;nbsp;&lt;/div&gt;</mattext>
          </material>
          <response_lid ident="response1" rcardinality="Single">
            <render_choice>
              <response_label ident="9615">
                <material>
                  <mattext texttype="text/plain">Increasing</mattext>
                </material>
              </response_label>
              <response_label ident="5693">
                <material>
                  <mattext texttype="text/plain">Decreasing</mattext>
                </material>
              </response_label>
              <response_label ident="1747">
                <material>
                  <mattext texttype="text/plain">Static/No-Change</mattext>
                </material>
              </response_label>
            </render_choice>
          </response_lid>
        </presentation>
        <resprocessing>
          <outcomes>
            <decvar maxvalue="100" minvalue="0" varname="SCORE" vartype="Decimal"/>
          </outcomes>
          <respcondition continue="No">
            <conditionvar>
              <varequal respident="response1">9615</varequal>
            </conditionvar>
            <setvar action="Set" varname="SCORE">100</setvar>
          </respcondition>
        </resprocessing>
      </item>
      <item ident="g06143e978b0dc0cb5f139e0bd00dc633" title="Question">
        <itemmetadata>
          <qtimetadata>
            <qtimetadatafield>
              <fieldlabel>question_type</fieldlabel>
              <fieldentry>matching_question</fieldentry>
            </qtimetadatafield>
            <qtimetadatafield>
              <fieldlabel>points_possible</fieldlabel>
              <fieldentry>5.0</fieldentry>
            </qtimetadatafield>
            <qtimetadatafield>
              <fieldlabel>original_answer_ids</fieldlabel>
              <fieldentry>7289,6660,7402,5256,8219</fieldentry>
            </qtimetadatafield>
            <qtimetadatafield>
              <fieldlabel>assessment_question_identifierref</fieldlabel>
              <fieldentry>gf47b767d37e06559ff801f2d253307ba</fieldentry>
            </qtimetadatafield>
          </qtimetadata>
        </itemmetadata>
        <presentation>
          <material>
            <mattext texttype="text/html">&lt;div&gt;(Module Question 5) Match the delay variable with its corresponding mean (standard deviation) pairing.&lt;/div&gt;</mattext>
          </material>
          <response_lid ident="response_7289">
            <material>
              <mattext texttype="text/plain">Carrier Delay Percent</mattext>
            </material>
            <render_choice>
              <response_label ident="8877">
                <material>
                  <mattext>0.3889 (0.057)</mattext>
                </material>
              </response_label>
              <response_label ident="1551">
                <material>
                  <mattext>0.1987 (0.0263)</mattext>
                </material>
              </response_label>
              <response_label ident="8165">
                <material>
                  <mattext>0.0697 (0.0212)</mattext>
                </material>
              </response_label>
              <response_label ident="7423">
                <material>
                  <mattext>0.0015 (0.0012)</mattext>
                </material>
              </response_label>
              <response_label ident="8316">
                <material>
                  <mattext>0.3412 (0.0485)</mattext>
                </material>
              </response_label>
            </render_choice>
          </response_lid>
          <response_lid ident="response_6660">
            <material>
              <mattext texttype="text/plain">NAS Delay Percent</mattext>
            </material>
            <render_choice>
              <response_label ident="8877">
                <material>
                  <mattext>0.3889 (0.057)</mattext>
                </material>
              </response_label>
              <response_label ident="1551">
                <material>
                  <mattext>0.1987 (0.0263)</mattext>
                </material>
              </response_label>
              <response_label ident="8165">
                <material>
                  <mattext>0.0697 (0.0212)</mattext>
                </material>
              </response_label>
              <response_label ident="7423">
                <material>
                  <mattext>0.0015 (0.0012)</mattext>
                </material>
              </response_label>
              <response_label ident="8316">
                <material>
                  <mattext>0.3412 (0.0485)</mattext>
                </material>
              </response_label>
            </render_choice>
          </response_lid>
          <response_lid ident="response_7402">
            <material>
              <mattext texttype="text/plain">Weather Delay Percent</mattext>
            </material>
            <render_choice>
              <response_label ident="8877">
                <material>
                  <mattext>0.3889 (0.057)</mattext>
                </material>
              </response_label>
              <response_label ident="1551">
                <material>
                  <mattext>0.1987 (0.0263)</mattext>
                </material>
              </response_label>
              <response_label ident="8165">
                <material>
                  <mattext>0.0697 (0.0212)</mattext>
                </material>
              </response_label>
              <response_label ident="7423">
                <material>
                  <mattext>0.0015 (0.0012)</mattext>
                </material>
              </response_label>
              <response_label ident="8316">
                <material>
                  <mattext>0.3412 (0.0485)</mattext>
                </material>
              </response_label>
            </render_choice>
          </response_lid>
          <response_lid ident="response_5256">
            <material>
              <mattext texttype="text/plain">Security Delay Percent</mattext>
            </material>
            <render_choice>
              <response_label ident="8877">
                <material>
                  <mattext>0.3889 (0.057)</mattext>
                </material>
              </response_label>
              <response_label ident="1551">
                <material>
                  <mattext>0.1987 (0.0263)</mattext>
                </material>
              </response_label>
              <response_label ident="8165">
                <material>
                  <mattext>0.0697 (0.0212)</mattext>
                </material>
              </response_label>
              <response_label ident="7423">
                <material>
                  <mattext>0.0015 (0.0012)</mattext>
                </material>
              </response_label>
              <response_label ident="8316">
                <material>
                  <mattext>0.3412 (0.0485)</mattext>
                </material>
              </response_label>
            </render_choice>
          </response_lid>
          <response_lid ident="response_8219">
            <material>
              <mattext texttype="text/plain">Late Aircraft Delay Percent</mattext>
            </material>
            <render_choice>
              <response_label ident="8877">
                <material>
                  <mattext>0.3889 (0.057)</mattext>
                </material>
              </response_label>
              <response_label ident="1551">
                <material>
                  <mattext>0.1987 (0.0263)</mattext>
                </material>
              </response_label>
              <response_label ident="8165">
                <material>
                  <mattext>0.0697 (0.0212)</mattext>
                </material>
              </response_label>
              <response_label ident="7423">
                <material>
                  <mattext>0.0015 (0.0012)</mattext>
                </material>
              </response_label>
              <response_label ident="8316">
                <material>
                  <mattext>0.3412 (0.0485)</mattext>
                </material>
              </response_label>
            </render_choice>
          </response_lid>
        </presentation>
        <resprocessing>
          <outcomes>
            <decvar maxvalue="100" minvalue="0" varname="SCORE" vartype="Decimal"/>
          </outcomes>
          <respcondition>
            <conditionvar>
              <varequal respident="response_7289">8877</varequal>
            </conditionvar>
            <setvar varname="SCORE" action="Add">20.00</setvar>
          </respcondition>
          <respcondition>
            <conditionvar>
              <varequal respident="response_6660">1551</varequal>
            </conditionvar>
            <setvar varname="SCORE" action="Add">20.00</setvar>
          </respcondition>
          <respcondition>
            <conditionvar>
              <varequal respident="response_7402">8165</varequal>
            </conditionvar>
            <setvar varname="SCORE" action="Add">20.00</setvar>
          </respcondition>
          <respcondition>
            <conditionvar>
              <varequal respident="response_5256">7423</varequal>
            </conditionvar>
            <setvar varname="SCORE" action="Add">20.00</setvar>
          </respcondition>
          <respcondition>
            <conditionvar>
              <varequal respident="response_8219">8316</varequal>
            </conditionvar>
            <setvar varname="SCORE" action="Add">20.00</setvar>
          </respcondition>
        </resprocessing>
      </item>
      <item ident="g5600ce171aa760c17bce239a98544574" title="Question">
        <itemmetadata>
          <qtimetadata>
            <qtimetadatafield>
              <fieldlabel>question_type</fieldlabel>
              <fieldentry>matching_question</fieldentry>
            </qtimetadatafield>
            <qtimetadatafield>
              <fieldlabel>points_possible</fieldlabel>
              <fieldentry>5.0</fieldentry>
            </qtimetadatafield>
            <qtimetadatafield>
              <fieldlabel>original_answer_ids</fieldlabel>
              <fieldentry>153,6863,2047,9240,8902</fieldentry>
            </qtimetadatafield>
            <qtimetadatafield>
              <fieldlabel>assessment_question_identifierref</fieldlabel>
              <fieldentry>gf47b767d37e06559ff801f2d253307ba</fieldentry>
            </qtimetadatafield>
          </qtimetadata>
        </itemmetadata>
        <presentation>
          <material>
            <mattext texttype="text/html">&lt;div&gt;(Module Question 5) Match the &lt;span&gt;delay variable with its corresponding median.&lt;/span&gt;&lt;/div&gt;</mattext>
          </material>
          <response_lid ident="response_153">
            <material>
              <mattext texttype="text/plain">Carrier Delay Percent</mattext>
            </material>
            <render_choice>
              <response_label ident="7904">
                <material>
                  <mattext>0.3882</mattext>
                </material>
              </response_label>
              <response_label ident="4903">
                <material>
                  <mattext>0.0658</mattext>
                </material>
              </response_label>
              <response_label ident="7747">
                <material>
                  <mattext>0.1993</mattext>
                </material>
              </response_label>
              <response_label ident="8015">
                <material>
                  <mattext>0.0012</mattext>
                </material>
              </response_label>
              <response_label ident="4531">
                <material>
                  <mattext>0.3509</mattext>
                </material>
              </response_label>
            </render_choice>
          </response_lid>
          <response_lid ident="response_6863">
            <material>
              <mattext texttype="text/plain">Weather Delay Percent</mattext>
            </material>
            <render_choice>
              <response_label ident="7904">
                <material>
                  <mattext>0.3882</mattext>
                </material>
              </response_label>
              <response_label ident="4903">
                <material>
                  <mattext>0.0658</mattext>
                </material>
              </response_label>
              <response_label ident="7747">
                <material>
                  <mattext>0.1993</mattext>
                </material>
              </response_label>
              <response_label ident="8015">
                <material>
                  <mattext>0.0012</mattext>
                </material>
              </response_label>
              <response_label ident="4531">
                <material>
                  <mattext>0.3509</mattext>
                </material>
              </response_label>
            </render_choice>
          </response_lid>
          <response_lid ident="response_2047">
            <material>
              <mattext texttype="text/plain">NAS Delay Percent</mattext>
            </material>
            <render_choice>
              <response_label ident="7904">
                <material>
                  <mattext>0.3882</mattext>
                </material>
              </response_label>
              <response_label ident="4903">
                <material>
                  <mattext>0.0658</mattext>
                </material>
              </response_label>
              <response_label ident="7747">
                <material>
                  <mattext>0.1993</mattext>
                </material>
              </response_label>
              <response_label ident="8015">
                <material>
                  <mattext>0.0012</mattext>
                </material>
              </response_label>
              <response_label ident="4531">
                <material>
                  <mattext>0.3509</mattext>
                </material>
              </response_label>
            </render_choice>
          </response_lid>
          <response_lid ident="response_9240">
            <material>
              <mattext texttype="text/plain">Security Delay Percent</mattext>
            </material>
            <render_choice>
              <response_label ident="7904">
                <material>
                  <mattext>0.3882</mattext>
                </material>
              </response_label>
              <response_label ident="4903">
                <material>
                  <mattext>0.0658</mattext>
                </material>
              </response_label>
              <response_label ident="7747">
                <material>
                  <mattext>0.1993</mattext>
                </material>
              </response_label>
              <response_label ident="8015">
                <material>
                  <mattext>0.0012</mattext>
                </material>
              </response_label>
              <response_label ident="4531">
                <material>
                  <mattext>0.3509</mattext>
                </material>
              </response_label>
            </render_choice>
          </response_lid>
          <response_lid ident="response_8902">
            <material>
              <mattext texttype="text/plain">Late Aircraft Delay Percent</mattext>
            </material>
            <render_choice>
              <response_label ident="7904">
                <material>
                  <mattext>0.3882</mattext>
                </material>
              </response_label>
              <response_label ident="4903">
                <material>
                  <mattext>0.0658</mattext>
                </material>
              </response_label>
              <response_label ident="7747">
                <material>
                  <mattext>0.1993</mattext>
                </material>
              </response_label>
              <response_label ident="8015">
                <material>
                  <mattext>0.0012</mattext>
                </material>
              </response_label>
              <response_label ident="4531">
                <material>
                  <mattext>0.3509</mattext>
                </material>
              </response_label>
            </render_choice>
          </response_lid>
        </presentation>
        <resprocessing>
          <outcomes>
            <decvar maxvalue="100" minvalue="0" varname="SCORE" vartype="Decimal"/>
          </outcomes>
          <respcondition>
            <conditionvar>
              <varequal respident="response_153">7904</varequal>
            </conditionvar>
            <setvar varname="SCORE" action="Add">20.00</setvar>
          </respcondition>
          <respcondition>
            <conditionvar>
              <varequal respident="response_6863">4903</varequal>
            </conditionvar>
            <setvar varname="SCORE" action="Add">20.00</setvar>
          </respcondition>
          <respcondition>
            <conditionvar>
              <varequal respident="response_2047">7747</varequal>
            </conditionvar>
            <setvar varname="SCORE" action="Add">20.00</setvar>
          </respcondition>
          <respcondition>
            <conditionvar>
              <varequal respident="response_9240">8015</varequal>
            </conditionvar>
            <setvar varname="SCORE" action="Add">20.00</setvar>
          </respcondition>
          <respcondition>
            <conditionvar>
              <varequal respident="response_8902">4531</varequal>
            </conditionvar>
            <setvar varname="SCORE" action="Add">20.00</setvar>
          </respcondition>
        </resprocessing>
      </item>
      <item ident="g18398a77a1694cebd00cec494c5a7fef" title="Question">
        <itemmetadata>
          <qtimetadata>
            <qtimetadatafield>
              <fieldlabel>question_type</fieldlabel>
              <fieldentry>multiple_choice_question</fieldentry>
            </qtimetadatafield>
            <qtimetadatafield>
              <fieldlabel>points_possible</fieldlabel>
              <fieldentry>1.0</fieldentry>
            </qtimetadatafield>
            <qtimetadatafield>
              <fieldlabel>original_answer_ids</fieldlabel>
              <fieldentry>3575,7722,8244,4454</fieldentry>
            </qtimetadatafield>
            <qtimetadatafield>
              <fieldlabel>assessment_question_identifierref</fieldlabel>
              <fieldentry>g0a30f59331aa0609c213cb1b0b1bf926</fieldentry>
            </qtimetadatafield>
          </qtimetadata>
        </itemmetadata>
        <presentation>
          <material>
            <mattext texttype="text/html">&lt;div&gt;&lt;p&gt;(Module Question 5) Which delay type had the highest mean value, and which had the lowest, respectively?&lt;/p&gt;&lt;/div&gt;</mattext>
          </material>
          <response_lid ident="response1" rcardinality="Single">
            <render_choice>
              <response_label ident="3575">
                <material>
                  <mattext texttype="text/plain">Carrier Delay, Weather Delay</mattext>
                </material>
              </response_label>
              <response_label ident="7722">
                <material>
                  <mattext texttype="text/plain">Carrier Delay, Security Delay</mattext>
                </material>
              </response_label>
              <response_label ident="8244">
                <material>
                  <mattext texttype="text/plain">Late Aircraft Delay, Security Delay</mattext>
                </material>
              </response_label>
              <response_label ident="4454">
                <material>
                  <mattext texttype="text/plain">NAS Delay, Late Aircraft Delay</mattext>
                </material>
              </response_label>
            </render_choice>
          </response_lid>
        </presentation>
        <resprocessing>
          <outcomes>
            <decvar maxvalue="100" minvalue="0" varname="SCORE" vartype="Decimal"/>
          </outcomes>
          <respcondition continue="No">
            <conditionvar>
              <varequal respident="response1">7722</varequal>
            </conditionvar>
            <setvar action="Set" varname="SCORE">100</setvar>
          </respcondition>
        </resprocessing>
      </item>
      <item ident="g1ef220853c6a345bed23a36766b40e34" title="Question">
        <itemmetadata>
          <qtimetadata>
            <qtimetadatafield>
              <fieldlabel>question_type</fieldlabel>
              <fieldentry>multiple_choice_question</fieldentry>
            </qtimetadatafield>
            <qtimetadatafield>
              <fieldlabel>points_possible</fieldlabel>
              <fieldentry>1.0</fieldentry>
            </qtimetadatafield>
            <qtimetadatafield>
              <fieldlabel>original_answer_ids</fieldlabel>
              <fieldentry>9886,4752,4073,3296</fieldentry>
            </qtimetadatafield>
            <qtimetadatafield>
              <fieldlabel>assessment_question_identifierref</fieldlabel>
              <fieldentry>gf47b767d37e06559ff801f2d253307ba</fieldentry>
            </qtimetadatafield>
          </qtimetadata>
        </itemmetadata>
        <presentation>
          <material>
            <mattext texttype="text/html">&lt;div&gt;(Module Question 6) Which delay variable is most correlated (either positively or negatively) with passengers per flight?&lt;/div&gt;</mattext>
          </material>
          <response_lid ident="response1" rcardinality="Single">
            <render_choice>
              <response_label ident="9886">
                <material>
                  <mattext texttype="text/plain">NAS Delay Percent</mattext>
                </material>
              </response_label>
              <response_label ident="4752">
                <material>
                  <mattext texttype="text/plain">Weather Delay Percent</mattext>
                </material>
              </response_label>
              <response_label ident="4073">
                <material>
                  <mattext texttype="text/plain">Security Delay Percent</mattext>
                </material>
              </response_label>
              <response_label ident="3296">
                <material>
                  <mattext texttype="text/plain">Late Aircraft Delay Percent</mattext>
                </material>
              </response_label>
            </render_choice>
          </response_lid>
        </presentation>
        <resprocessing>
          <outcomes>
            <decvar maxvalue="100" minvalue="0" varname="SCORE" vartype="Decimal"/>
          </outcomes>
          <respcondition continue="No">
            <conditionvar>
              <varequal respident="response1">9886</varequal>
            </conditionvar>
            <setvar action="Set" varname="SCORE">100</setvar>
          </respcondition>
        </resprocessing>
      </item>
      <item ident="g1ccbfce7ccdf6f9a01d9a740ef818ecf" title="Question">
        <itemmetadata>
          <qtimetadata>
            <qtimetadatafield>
              <fieldlabel>question_type</fieldlabel>
              <fieldentry>multiple_choice_question</fieldentry>
            </qtimetadatafield>
            <qtimetadatafield>
              <fieldlabel>points_possible</fieldlabel>
              <fieldentry>1.0</fieldentry>
            </qtimetadatafield>
            <qtimetadatafield>
              <fieldlabel>original_answer_ids</fieldlabel>
              <fieldentry>1864,4945,9056,5553,1515</fieldentry>
            </qtimetadatafield>
            <qtimetadatafield>
              <fieldlabel>assessment_question_identifierref</fieldlabel>
              <fieldentry>g558891c959de7f7e77f79b4ccf5387e1</fieldentry>
            </qtimetadatafield>
          </qtimetadata>
        </itemmetadata>
        <presentation>
          <material>
            <mattext texttype="text/html">&lt;div&gt;&lt;p&gt;(Module Question 6) Which delay variables are most correlated with one another?&lt;/p&gt;&lt;/div&gt;</mattext>
          </material>
          <response_lid ident="response1" rcardinality="Single">
            <render_choice>
              <response_label ident="1864">
                <material>
                  <mattext texttype="text/plain">Carrier Delay Percent, Late Aircraft Delay Percent</mattext>
                </material>
              </response_label>
              <response_label ident="4945">
                <material>
                  <mattext texttype="text/plain">Security Delay Percent, Weather Delay Percent</mattext>
                </material>
              </response_label>
              <response_label ident="9056">
                <material>
                  <mattext texttype="text/plain">Security Delay Percent, NAS Delay Percent</mattext>
                </material>
              </response_label>
              <response_label ident="5553">
                <material>
                  <mattext texttype="text/plain">Late Aircraft Delay Percent, Weather Delay Percent</mattext>
                </material>
              </response_label>
              <response_label ident="1515">
                <material>
                  <mattext texttype="text/plain">Carrier Delay Percent, Late Aircraft Delay Percent</mattext>
                </material>
              </response_label>
            </render_choice>
          </response_lid>
        </presentation>
        <resprocessing>
          <outcomes>
            <decvar maxvalue="100" minvalue="0" varname="SCORE" vartype="Decimal"/>
          </outcomes>
          <respcondition continue="No">
            <conditionvar>
              <varequal respident="response1">1515</varequal>
            </conditionvar>
            <setvar action="Set" varname="SCORE">100</setvar>
          </respcondition>
        </resprocessing>
      </item>
      <item ident="g117c89f8f60062525707be74ab49c4c5" title="Question">
        <itemmetadata>
          <qtimetadata>
            <qtimetadatafield>
              <fieldlabel>question_type</fieldlabel>
              <fieldentry>multiple_choice_question</fieldentry>
            </qtimetadatafield>
            <qtimetadatafield>
              <fieldlabel>points_possible</fieldlabel>
              <fieldentry>1.0</fieldentry>
            </qtimetadatafield>
            <qtimetadatafield>
              <fieldlabel>original_answer_ids</fieldlabel>
              <fieldentry>5990,9570,6777,3308</fieldentry>
            </qtimetadatafield>
            <qtimetadatafield>
              <fieldlabel>assessment_question_identifierref</fieldlabel>
              <fieldentry>gf47b767d37e06559ff801f2d253307ba</fieldentry>
            </qtimetadatafield>
          </qtimetadata>
        </itemmetadata>
        <presentation>
          <material>
            <mattext texttype="text/html">&lt;div&gt;(Module Question 8) Which choice best describes the p-value obtained for the significance test you performed?&lt;/div&gt;</mattext>
          </material>
          <response_lid ident="response1" rcardinality="Single">
            <render_choice>
              <response_label ident="5990">
                <material>
                  <mattext texttype="text/plain">p=&lt;0.001</mattext>
                </material>
              </response_label>
              <response_label ident="9570">
                <material>
                  <mattext texttype="text/plain">p=0.01</mattext>
                </material>
              </response_label>
              <response_label ident="6777">
                <material>
                  <mattext texttype="text/plain">p=0.83</mattext>
                </material>
              </response_label>
              <response_label ident="3308">
                <material>
                  <mattext texttype="text/plain">p=0.05</mattext>
                </material>
              </response_label>
            </render_choice>
          </response_lid>
        </presentation>
        <resprocessing>
          <outcomes>
            <decvar maxvalue="100" minvalue="0" varname="SCORE" vartype="Decimal"/>
          </outcomes>
          <respcondition continue="No">
            <conditionvar>
              <varequal respident="response1">5990</varequal>
            </conditionvar>
            <setvar action="Set" varname="SCORE">100</setvar>
          </respcondition>
        </resprocessing>
      </item>
      <item ident="gff77d98c420ae9b290721ebc607da946" title="Question">
        <itemmetadata>
          <qtimetadata>
            <qtimetadatafield>
              <fieldlabel>question_type</fieldlabel>
              <fieldentry>multiple_choice_question</fieldentry>
            </qtimetadatafield>
            <qtimetadatafield>
              <fieldlabel>points_possible</fieldlabel>
              <fieldentry>1.0</fieldentry>
            </qtimetadatafield>
            <qtimetadatafield>
              <fieldlabel>original_answer_ids</fieldlabel>
              <fieldentry>7287,2786,6357,1340</fieldentry>
            </qtimetadatafield>
            <qtimetadatafield>
              <fieldlabel>assessment_question_identifierref</fieldlabel>
              <fieldentry>ga1f01c9db0a00e3fcbc1a217793adebf</fieldentry>
            </qtimetadatafield>
          </qtimetadata>
        </itemmetadata>
        <presentation>
          <material>
            <mattext texttype="text/html">&lt;div&gt;&lt;p&gt;(Module Question 8) What conclusions can you draw from this significance test?&lt;/p&gt;&lt;/div&gt;</mattext>
          </material>
          <response_lid ident="response1" rcardinality="Single">
            <render_choice>
              <response_label ident="7287">
                <material>
                  <mattext texttype="text/plain">Fail to reject the null hypothesis; there is no difference in [delay variable] between American Airlines and Delta Airlines</mattext>
                </material>
              </response_label>
              <response_label ident="2786">
                <material>
                  <mattext texttype="text/plain">Fail to reject the null hypothesis; there is a difference in [delay variable] between American Airlines and Delta Airlines</mattext>
                </material>
              </response_label>
              <response_label ident="6357">
                <material>
                  <mattext texttype="text/plain">Reject the null hypothesis; there is no difference in [delay variable] between American Airlines and Delta Airlines</mattext>
                </material>
              </response_label>
              <response_label ident="1340">
                <material>
                  <mattext texttype="text/plain">Reject the null hypothesis; there is a difference in [delay variable] between American Airlines and Delta Airlines</mattext>
                </material>
              </response_label>
            </render_choice>
          </response_lid>
        </presentation>
        <resprocessing>
          <outcomes>
            <decvar maxvalue="100" minvalue="0" varname="SCORE" vartype="Decimal"/>
          </outcomes>
          <respcondition continue="No">
            <conditionvar>
              <varequal respident="response1">1340</varequal>
            </conditionvar>
            <setvar action="Set" varname="SCORE">100</setvar>
          </respcondition>
        </resprocessing>
      </item>
      <item ident="gbc84f27e9ef7c252a4e73de2d30f07d8" title="Question">
        <itemmetadata>
          <qtimetadata>
            <qtimetadatafield>
              <fieldlabel>question_type</fieldlabel>
              <fieldentry>essay_question</fieldentry>
            </qtimetadatafield>
            <qtimetadatafield>
              <fieldlabel>points_possible</fieldlabel>
              <fieldentry>0.0</fieldentry>
            </qtimetadatafield>
            <qtimetadatafield>
              <fieldlabel>original_answer_ids</fieldlabel>
              <fieldentry></fieldentry>
            </qtimetadatafield>
            <qtimetadatafield>
              <fieldlabel>assessment_question_identifierref</fieldlabel>
              <fieldentry>g9e66b1445c84b827e0973cae288ec895</fieldentry>
            </qtimetadatafield>
          </qtimetadata>
        </itemmetadata>
        <presentation>
          <material>
            <mattext texttype="text/html">&lt;div&gt;&lt;p&gt;(BONUS) Summarize any noteworthy differences&amp;nbsp;&lt;span class="SB3D341D60"&gt;between the distributions, measures of center and spread, and correlations of the delay variables for American Airlines and the airline of your choosing.&amp;nbsp;&lt;/span&gt;&lt;span class="SB3D341D60"&gt;You will be awarded points based on the breadth and quality of your analysis. &lt;/span&gt;&lt;/p&gt;&lt;/div&gt;</mattext>
          </material>
          <response_str ident="response1" rcardinality="Single">
            <render_fib>
              <response_label ident="answer1" rshuffle="No"/>
            </render_fib>
          </response_str>
        </presentation>
        <resprocessing>
          <outcomes>
            <decvar maxvalue="100" minvalue="0" varname="SCORE" vartype="Decimal"/>
          </outcomes>
          <respcondition continue="No">
            <conditionvar>
              <other/>
            </conditionvar>
          </respcondition>
        </resprocessing>
      </item>
    </section>
  </assessment>
</questestinterop>
